id,first_name,last_name,email,gender,ip_address
1,Perla,Robecon,probecon0@google.de,Female,75.5.163.152
2,Cordy,Chant,cchant1@usa.gov,Female,98.27.4.97
3,Hiram,Robilart,hrobilart2@youtube.com,Male,93.114.175.26
4,Elvira,Thornton,ethornton3@walmart.com,Female,167.187.189.185
5,Chadd,Rudeyeard,crudeyeard4@google.com.hk,Male,70.151.57.63
6,Tam,Kimmitt,tkimmitt5@qq.com,Male,70.29.42.207
7,Isaak,Caselick,icaselick6@nymag.com,Male,180.67.147.79
8,Pierce,McNeish,pmcneish7@blogs.com,Male,114.221.43.136
9,Whitby,Tothe,wtothe8@issuu.com,Male,197.126.60.15
10,Law,Starte,lstarte9@jiathis.com,Male,67.6.161.189
11,Katti,Rapier,krapiera@ocn.ne.jp,Female,11.253.129.212
12,Reade,Caves,rcavesb@tripadvisor.com,Male,159.41.27.183
13,Jewel,Lanegran,jlanegranc@fda.gov,Female,15.171.166.51
14,Nick,Darrigone,ndarrigoned@lulu.com,Male,41.64.123.253
15,Carter,Parram,cparrame@friendfeed.com,Male,130.65.81.35
16,Winfield,McTavy,wmctavyf@lycos.com,Male,186.91.157.101
17,Dolf,Osbaldeston,dosbaldestong@slashdot.org,Male,182.71.246.226
18,Giulietta,Mattys,gmattysh@wikia.com,Female,43.81.78.186
19,Neile,Roper,nroperi@scribd.com,Female,167.172.51.145
20,Alexa,Latan,alatanj@cnn.com,Female,205.49.232.69
21,Reina,Coronas,rcoronask@chron.com,Female,216.253.102.247
22,Standford,Breadon,sbreadonl@theguardian.com,Male,17.174.154.160
23,Si,Kroon,skroonm@archive.org,Male,60.69.249.60
24,Hephzibah,Wilds,hwildsn@netlog.com,Female,223.61.204.240
25,Vi,Sandle,vsandleo@ehow.com,Female,97.230.92.168
26,Coreen,Nockles,cnocklesp@g.co,Female,95.61.215.9
27,Gallard,Boldra,gboldraq@psu.edu,Male,233.155.148.40
28,Alta,Capstick,acapstickr@cpanel.net,Female,211.30.235.215
29,Emmit,Ternouth,eternouths@newyorker.com,Male,174.150.82.88
30,Terrence,Itzakovitz,titzakovitzt@t-online.de,Male,210.88.198.195
31,Rube,Dumpleton,rdumpletonu@wp.com,Male,8.165.162.238
32,Becky,Howbrook,bhowbrookv@netvibes.com,Female,181.83.191.234
33,Cori,Paolini,cpaoliniw@prnewswire.com,Female,74.255.220.211
34,Andrea,Sustin,asustinx@webs.com,Male,210.18.62.172
35,Arnie,Hackforth,ahackforthy@gov.uk,Male,198.251.57.115
36,Vanya,Burren,vburrenz@issuu.com,Male,213.83.96.51
37,Case,Antham,cantham10@wp.com,Male,55.33.184.63
38,Kiley,Borkett,kborkett11@zdnet.com,Female,0.187.135.32
39,Lu,Witchell,lwitchell12@reuters.com,Female,56.150.10.129
40,Constantia,Dobbison,cdobbison13@umn.edu,Female,162.174.221.141
41,Ainslee,Ludwell,aludwell14@cmu.edu,Female,5.49.241.190
42,Obie,Shuttlewood,oshuttlewood15@networksolutions.com,Male,239.73.23.72
43,Verina,Leethem,vleethem16@elegantthemes.com,Female,250.234.72.119
44,Lizette,Middle,lmiddle17@php.net,Female,139.116.77.203
45,Phylys,Ronayne,pronayne18@constantcontact.com,Female,132.74.245.146
46,Lona,Lowder,llowder19@msu.edu,Female,51.214.134.213
47,Yancey,Howgill,yhowgill1a@infoseek.co.jp,Male,127.136.111.123
48,Paulo,Yurin,pyurin1b@netvibes.com,Male,64.124.42.97
49,Clea,Barlee,cbarlee1c@skyrock.com,Female,85.163.141.189
50,Godwin,Porcas,gporcas1d@cafepress.com,Male,167.246.45.202
51,Giana,Frankham,gfrankham1e@statcounter.com,Female,117.191.55.47
52,Berton,Koppke,bkoppke1f@tamu.edu,Male,86.149.193.185
53,Jolee,Chesswas,jchesswas1g@digg.com,Female,166.229.30.70
54,Patrick,Crosgrove,pcrosgrove1h@weibo.com,Male,207.109.119.5
55,Norman,Brimblecomb,nbrimblecomb1i@com.com,Male,35.16.155.130
56,Malcolm,Peres,mperes1j@sciencedaily.com,Male,29.88.89.219
57,Tracie,Balnave,tbalnave1k@smh.com.au,Male,249.227.77.69
58,Alvie,Gravet,agravet1l@jalbum.net,Male,104.0.228.118
59,Timmy,Crimes,tcrimes1m@redcross.org,Female,194.139.80.168
60,Madelon,Pifford,mpifford1n@networksolutions.com,Female,228.65.10.192
61,Mord,Nerval,mnerval1o@thetimes.co.uk,Male,142.209.213.4
62,Aurore,Seakin,aseakin1p@blogger.com,Female,42.94.228.214
63,Hermine,Syalvester,hsyalvester1q@lulu.com,Female,2.122.230.98
64,Caresse,Quigg,cquigg1r@163.com,Female,16.120.101.204
65,Ealasaid,Fairbrother,efairbrother1s@dion.ne.jp,Female,111.174.224.163
66,Matias,Corselles,mcorselles1t@csmonitor.com,Male,83.247.18.82
67,Athena,Cretney,acretney1u@storify.com,Female,201.225.21.190
68,Vin,Collicott,vcollicott1v@istockphoto.com,Male,150.157.210.144
69,Bern,Fosdick,bfosdick1w@japanpost.jp,Male,194.86.165.165
70,Jodee,Finker,jfinker1x@t-online.de,Female,203.141.41.178
71,Corbie,Plampeyn,cplampeyn1y@bandcamp.com,Male,43.17.34.95
72,Pierson,Buckenhill,pbuckenhill1z@eepurl.com,Male,239.229.173.48
73,Consalve,MacAughtrie,cmacaughtrie20@addthis.com,Male,197.152.60.104
74,Krissie,Lovett,klovett21@privacy.gov.au,Female,216.153.195.129
75,Dyanne,Doulton,ddoulton22@people.com.cn,Female,222.54.37.130
76,Gates,Cragoe,gcragoe23@fda.gov,Female,244.3.77.91
77,Yehudit,Eastmead,yeastmead24@thetimes.co.uk,Male,231.149.251.190
78,Loretta,Smalecombe,lsmalecombe25@oaic.gov.au,Female,143.185.56.1
79,Linea,Dabling,ldabling26@domainmarket.com,Female,224.171.87.120
80,Thedric,Di Filippo,tdifilippo27@uiuc.edu,Male,236.230.237.255
81,Chadwick,Boerder,cboerder28@constantcontact.com,Male,179.118.22.14
82,Margareta,Kingwell,mkingwell29@homestead.com,Female,69.31.35.13
83,Belia,Kleinplatz,bkleinplatz2a@yandex.ru,Female,180.236.60.231
84,Marney,Pendrick,mpendrick2b@xinhuanet.com,Female,122.31.247.169
85,Alyssa,Keyser,akeyser2c@comsenz.com,Female,155.224.157.58
86,Alberto,Bredbury,abredbury2d@netscape.com,Male,121.195.64.190
87,Casandra,Klaves,cklaves2e@smh.com.au,Female,174.41.54.89
88,Fernande,Dusting,fdusting2f@mlb.com,Female,1.52.23.172
89,Grove,Hayhoe,ghayhoe2g@mediafire.com,Male,72.99.173.220
90,Rob,Screaton,rscreaton2h@cnn.com,Male,56.16.215.132
91,Franny,Siggens,fsiggens2i@flavors.me,Female,199.188.87.65
92,Rena,Coite,rcoite2j@newsvine.com,Female,174.80.252.69
93,Chase,Rosbotham,crosbotham2k@dion.ne.jp,Male,231.182.195.146
94,Flss,Tolerton,ftolerton2l@freewebs.com,Female,105.148.56.105
95,Damian,Mallord,dmallord2m@newsvine.com,Male,8.86.234.251
96,Emery,Folcarelli,efolcarelli2n@go.com,Male,31.75.26.241
97,Felipa,Vasic,fvasic2o@elegantthemes.com,Female,249.216.254.6
98,Jandy,Sullly,jsullly2p@skyrock.com,Female,10.132.194.140
99,Ranique,Tuft,rtuft2q@sogou.com,Female,59.245.144.11
100,Delaney,Payle,dpayle2r@state.gov,Male,205.219.92.125
101,Gottfried,Castree,gcastree2s@archive.org,Male,115.204.167.152
102,Marjory,Barnewell,mbarnewell2t@wired.com,Female,35.3.226.79
103,Edgard,Dubock,edubock2u@gov.uk,Male,12.178.55.60
104,Alessandra,Rosencrantz,arosencrantz2v@addthis.com,Female,85.167.83.164
105,Katerine,Rogister,krogister2w@unblog.fr,Female,31.74.141.139
106,Flossy,Redgrove,fredgrove2x@theguardian.com,Female,210.198.90.126
107,Latrina,Cottill,lcottill2y@elpais.com,Female,20.59.176.2
108,Cass,Quade,cquade2z@cpanel.net,Male,212.20.100.246
109,Kennith,Fipp,kfipp30@msn.com,Male,127.114.205.242
110,Jim,Enefer,jenefer31@mapquest.com,Male,6.236.161.19
111,Town,Feckey,tfeckey32@chicagotribune.com,Male,2.212.62.1
112,Sollie,Millmoe,smillmoe33@live.com,Male,225.130.242.103
113,Katey,Sidaway,ksidaway34@microsoft.com,Female,124.245.200.137
114,Ophelie,Mariyushkin,omariyushkin35@washingtonpost.com,Female,175.36.170.97
115,Haze,Hasty,hhasty36@ycombinator.com,Male,52.109.25.129
116,Ginny,Quenby,gquenby37@mashable.com,Female,107.32.108.83
117,Barret,Tigwell,btigwell38@indiatimes.com,Male,74.194.52.47
118,Karlan,Chittim,kchittim39@livejournal.com,Male,39.75.192.171
119,Sutherlan,Hazeman,shazeman3a@jugem.jp,Male,125.206.135.2
120,Rochell,Keogh,rkeogh3b@china.com.cn,Female,64.194.78.73
121,Wynne,Pardal,wpardal3c@cbsnews.com,Female,61.182.100.13
122,Alistair,Wakenshaw,awakenshaw3d@e-recht24.de,Male,202.30.165.214
123,Brinn,Goldes,bgoldes3e@webs.com,Female,20.198.133.37
124,Ker,Drewell,kdrewell3f@comcast.net,Male,165.69.20.188
125,Marty,Woodhouse,mwoodhouse3g@topsy.com,Male,175.57.251.35
126,Morissa,Dugdale,mdugdale3h@vistaprint.com,Female,249.204.78.50
127,Stefania,Lammenga,slammenga3i@facebook.com,Female,26.8.112.37
128,Daisey,Riccioppo,driccioppo3j@digg.com,Female,76.249.146.137
129,Winne,Jansen,wjansen3k@alibaba.com,Female,193.122.87.250
130,Nat,Cobbin,ncobbin3l@tiny.cc,Female,13.112.118.51
131,Burk,Dimont,bdimont3m@washington.edu,Male,124.85.16.63
132,Rafaello,Simoni,rsimoni3n@slate.com,Male,119.96.211.67
133,Clarette,Simonett,csimonett3o@goodreads.com,Female,15.129.121.144
134,Pinchas,Spellacey,pspellacey3p@amazon.de,Male,251.122.189.36
135,Marcel,Caso,mcaso3q@miibeian.gov.cn,Male,57.3.232.13
136,Rodge,Rugiero,rrugiero3r@hud.gov,Male,244.28.108.204
137,Charisse,Brumhead,cbrumhead3s@cdc.gov,Female,163.106.236.120
138,Chris,Sherebrooke,csherebrooke3t@google.nl,Female,210.90.242.20
139,Kaleena,Cowlam,kcowlam3u@apache.org,Female,151.52.31.45
140,Arron,Scraggs,ascraggs3v@hud.gov,Male,189.186.220.10
141,Christoffer,Gildersleaves,cgildersleaves3w@cornell.edu,Male,217.161.57.122
142,Peyter,Fetherstone,pfetherstone3x@irs.gov,Male,39.184.217.103
143,Austin,Merryfield,amerryfield3y@epa.gov,Female,215.28.34.29
144,Cori,Caldeiro,ccaldeiro3z@exblog.jp,Male,136.252.76.186
145,Rene,Golda,rgolda40@freewebs.com,Male,168.188.190.70
146,Florry,Stutely,fstutely41@dedecms.com,Female,201.209.30.47
147,Any,Ruffle,aruffle42@wordpress.org,Male,222.254.83.5
148,Stan,Cymper,scymper43@icq.com,Male,83.87.214.134
149,Euell,Stanbrooke,estanbrooke44@symantec.com,Male,215.26.86.90
150,Annemarie,Darben,adarben45@xinhuanet.com,Female,91.220.148.74
151,Sherman,Stallebrass,sstallebrass46@list-manage.com,Male,119.25.188.35
152,Gregoor,Bastian,gbastian47@umich.edu,Male,72.116.193.109
153,Clerkclaude,Vedekhin,cvedekhin48@omniture.com,Male,4.33.26.120
154,Lief,Conkie,lconkie49@addthis.com,Male,170.80.238.102
155,Antonin,Spencock,aspencock4a@cocolog-nifty.com,Male,155.161.21.123
156,Preston,Bertl,pbertl4b@loc.gov,Male,4.244.190.253
157,Keith,Carnilian,kcarnilian4c@cbslocal.com,Male,148.12.178.175
158,Yetta,Peasgood,ypeasgood4d@umich.edu,Female,163.71.171.232
159,Iorgo,Simkins,isimkins4e@reverbnation.com,Male,65.253.137.132
160,Salim,Cranham,scranham4f@ed.gov,Male,101.216.115.196
161,Lindy,Fuller,lfuller4g@prnewswire.com,Female,105.197.17.163
162,Augusto,Crush,acrush4h@imageshack.us,Male,142.146.142.86
163,Karlene,Rait,krait4i@google.pl,Female,61.34.41.239
164,Glennie,Dufour,gdufour4j@jugem.jp,Female,225.147.23.90
165,Dante,Klimkov,dklimkov4k@nymag.com,Male,203.145.240.166
166,Davey,Gouly,dgouly4l@yahoo.com,Male,8.253.141.94
167,Dione,Lyal,dlyal4m@w3.org,Female,6.56.61.97
168,Alicea,Farbrace,afarbrace4n@posterous.com,Female,34.111.104.25
169,Orville,Bessey,obessey4o@elpais.com,Male,35.138.212.106
170,Roderic,Levet,rlevet4p@wunderground.com,Male,83.215.109.201
171,Cindelyn,Symmers,csymmers4q@g.co,Female,118.249.25.212
172,Adelina,Knell,aknell4r@hhs.gov,Female,244.196.110.107
173,Hannie,Pebworth,hpebworth4s@trellian.com,Female,47.163.88.93
174,Corina,Cosgriff,ccosgriff4t@netlog.com,Female,170.208.180.119
175,Reggis,Adran,radran4u@samsung.com,Male,94.182.158.113
176,Shelby,Beake,sbeake4v@salon.com,Female,15.78.66.158
177,Adrianne,McDougall,amcdougall4w@springer.com,Female,147.173.183.26
178,Robina,Tutsell,rtutsell4x@pagesperso-orange.fr,Female,141.185.222.35
179,Ewell,Bowser,ebowser4y@slate.com,Male,63.235.45.13
180,Cyrus,Vedishchev,cvedishchev4z@nationalgeographic.com,Male,55.251.21.3
181,Anton,Bilby,abilby50@symantec.com,Male,72.166.87.41
182,Giulio,Mallion,gmallion51@oaic.gov.au,Male,44.115.216.228
183,Haleigh,Kirkam,hkirkam52@sina.com.cn,Male,241.54.125.136
184,Adham,Rubinlicht,arubinlicht53@drupal.org,Male,151.128.32.30
185,Eleanora,Inkin,einkin54@feedburner.com,Female,118.59.121.41
186,Fidelity,MacNamee,fmacnamee55@opensource.org,Female,125.219.248.12
187,Letitia,Badcock,lbadcock56@paypal.com,Female,128.222.215.194
188,Fair,Druery,fdruery57@ucoz.com,Male,231.225.13.239
189,Alexine,Weddell,aweddell58@reverbnation.com,Female,32.171.250.143
190,Taite,Peeters,tpeeters59@desdev.cn,Male,253.147.52.124
191,Arleen,Plenty,aplenty5a@china.com.cn,Female,251.38.227.109
192,Hayes,Beauchop,hbeauchop5b@google.nl,Male,235.17.204.255
193,Loy,Ricoald,lricoald5c@tuttocitta.it,Male,175.237.254.116
194,Cyrillus,Skirvin,cskirvin5d@webeden.co.uk,Male,41.39.45.109
195,Ileane,Firebrace,ifirebrace5e@mayoclinic.com,Female,29.146.151.37
196,Jakie,Brazener,jbrazener5f@php.net,Male,52.78.55.83
197,Wolfy,Bloschke,wbloschke5g@github.io,Male,28.140.41.71
198,Randy,Husband,rhusband5h@cmu.edu,Male,223.139.148.243
199,Malissia,Goodredge,mgoodredge5i@tmall.com,Female,231.32.36.61
200,Brenden,Rame,brame5j@craigslist.org,Male,167.131.191.174
201,Allis,Stoacley,astoacley5k@ovh.net,Female,227.121.86.0
202,Gram,Cheves,gcheves5l@sun.com,Male,92.98.140.134
203,Zaccaria,Scanlon,zscanlon5m@hexun.com,Male,24.9.216.71
204,Carly,Stow,cstow5n@nba.com,Male,169.159.110.72
205,Violetta,O'Lunney,volunney5o@ow.ly,Female,76.209.39.215
206,Raynor,MacAllen,rmacallen5p@dell.com,Male,144.27.211.113
207,Selina,Lacasa,slacasa5q@jigsy.com,Female,121.12.59.109
208,Kenna,Raffels,kraffels5r@bluehost.com,Female,15.85.68.229
209,Chaim,Jedraszczyk,cjedraszczyk5s@istockphoto.com,Male,126.60.76.230
210,Nicky,Hatje,nhatje5t@php.net,Male,23.246.197.200
211,Ivy,Jentet,ijentet5u@wufoo.com,Female,62.210.67.28
212,Hubie,Milkins,hmilkins5v@adobe.com,Male,125.46.177.6
213,Nataline,Masding,nmasding5w@chron.com,Female,189.171.151.80
214,Rebecca,Morcomb,rmorcomb5x@utexas.edu,Female,7.62.60.120
215,Marji,Lunck,mlunck5y@symantec.com,Female,136.18.108.117
216,Dallon,MacFaul,dmacfaul5z@nsw.gov.au,Male,197.221.241.114
217,Kristi,Dank,kdank60@people.com.cn,Female,114.40.209.213
218,Johnnie,Pinshon,jpinshon61@apache.org,Male,106.101.13.5
219,Brice,Methingam,bmethingam62@macromedia.com,Male,54.118.110.206
220,Charissa,Base,cbase63@newyorker.com,Female,71.244.69.222
221,Darell,Towlson,dtowlson64@joomla.org,Female,206.60.134.20
222,Henrik,Hukins,hhukins65@state.tx.us,Male,205.78.228.28
223,Leigh,Ellingsworth,lellingsworth66@biblegateway.com,Female,254.20.136.81
224,Anabal,Masarrat,amasarrat67@a8.net,Female,196.249.65.208
225,Nathalia,Healey,nhealey68@comsenz.com,Female,81.54.44.205
226,Rabbi,Ezzle,rezzle69@istockphoto.com,Male,221.185.207.42
227,Tristam,Writer,twriter6a@spiegel.de,Male,217.235.180.85
228,Cinnamon,Angerstein,cangerstein6b@dedecms.com,Female,60.224.118.160
229,Leeanne,Timbrell,ltimbrell6c@statcounter.com,Female,108.198.32.204
230,Nicolis,Esplin,nesplin6d@tiny.cc,Male,251.201.146.59
231,Peterus,Ewen,pewen6e@microsoft.com,Male,73.87.122.228
232,Richart,Pummell,rpummell6f@engadget.com,Male,136.178.99.202
233,Murvyn,De Brett,mdebrett6g@reuters.com,Male,89.216.78.134
234,Anna,Agron,aagron6h@geocities.jp,Female,9.20.2.102
235,Vance,Kittley,vkittley6i@usatoday.com,Male,100.116.129.60
236,Rutger,Hovy,rhovy6j@goo.ne.jp,Male,1.136.233.202
237,Borg,Gyver,bgyver6k@example.com,Male,68.212.205.100
238,Robert,Merlin,rmerlin6l@indiegogo.com,Male,76.250.209.230
239,Annelise,Wilcock,awilcock6m@unblog.fr,Female,55.154.109.211
240,Danella,Carlucci,dcarlucci6n@auda.org.au,Female,242.159.140.236
241,Danni,Pohling,dpohling6o@google.co.jp,Female,9.227.63.218
242,Stephanie,Keaves,skeaves6p@soup.io,Female,223.60.45.138
243,Garnet,Metzig,gmetzig6q@si.edu,Female,171.98.133.79
244,Lark,Elliss,lelliss6r@studiopress.com,Female,160.68.12.159
245,Paulie,Harmson,pharmson6s@behance.net,Female,7.167.4.0
246,Dimitri,Choak,dchoak6t@imdb.com,Male,81.57.193.132
247,Paddy,Roome,proome6u@homestead.com,Male,123.18.67.121
248,Jackelyn,Doveston,jdoveston6v@sogou.com,Female,37.2.242.215
249,Mario,Justice,mjustice6w@mozilla.com,Male,184.116.130.109
250,Denys,Harriss,dharriss6x@slashdot.org,Female,246.114.235.42
251,Kayle,Iacomi,kiacomi6y@lulu.com,Female,32.34.209.167
252,Lindon,Fancutt,lfancutt6z@live.com,Male,93.69.92.186
253,Jeramey,Smye,jsmye70@tuttocitta.it,Male,75.2.167.31
254,Devonne,Boorer,dboorer71@bloomberg.com,Female,158.163.169.215
255,Koral,Restall,krestall72@friendfeed.com,Female,5.215.183.140
256,Toddie,Rannells,trannells73@chicagotribune.com,Male,199.45.154.244
257,Harold,Halksworth,hhalksworth74@fema.gov,Male,190.100.191.110
258,Paige,Whyman,pwhyman75@ezinearticles.com,Female,140.255.175.112
259,Virgilio,Laughtisse,vlaughtisse76@pinterest.com,Male,88.91.214.200
260,Rickie,MacRorie,rmacrorie77@angelfire.com,Male,120.17.108.102
261,Ingamar,Skelding,iskelding78@digg.com,Male,60.178.136.122
262,Reine,Belham,rbelham79@com.com,Female,127.149.234.193
263,Vinny,Stiegar,vstiegar7a@amazonaws.com,Female,117.68.85.80
264,Vonni,Allewell,vallewell7b@e-recht24.de,Female,199.242.172.246
265,Cissiee,Grigsby,cgrigsby7c@vinaora.com,Female,75.233.36.116
266,Grazia,Sandercroft,gsandercroft7d@apache.org,Female,139.14.160.65
267,Britt,Knowling,bknowling7e@booking.com,Male,191.192.82.65
268,Abbe,Girth,agirth7f@angelfire.com,Male,205.218.100.1
269,Stu,Skylett,sskylett7g@photobucket.com,Male,229.216.101.137
270,Hillary,Prendergast,hprendergast7h@mtv.com,Male,58.153.131.56
271,Leyla,Johanssen,ljohanssen7i@berkeley.edu,Female,78.33.39.29
272,Zebulon,Ludwell,zludwell7j@rakuten.co.jp,Male,214.175.188.52
273,Matelda,Scopyn,mscopyn7k@printfriendly.com,Female,225.115.128.4
274,Donica,Clowley,dclowley7l@friendfeed.com,Female,249.142.30.42
275,Der,Coggings,dcoggings7m@china.com.cn,Male,141.88.49.131
276,Mendy,Huddlestone,mhuddlestone7n@mapquest.com,Male,201.223.214.96
277,Casar,Lutzmann,clutzmann7o@elpais.com,Male,205.156.99.123
278,Malvin,Pigot,mpigot7p@auda.org.au,Male,27.218.46.162
279,Casi,Lathy,clathy7q@privacy.gov.au,Female,125.248.240.80
280,Jessamine,Teggin,jteggin7r@reddit.com,Female,87.192.163.96
281,Concordia,Whinney,cwhinney7s@scribd.com,Female,195.115.190.52
282,Maible,Ventam,mventam7t@blinklist.com,Female,186.24.164.174
283,Delilah,Rabson,drabson7u@deliciousdays.com,Female,3.12.242.72
284,Andreana,Eleshenar,aeleshenar7v@google.com.hk,Female,66.176.205.186
285,Alfredo,Williamson,awilliamson7w@senate.gov,Male,189.249.145.153
286,Kermie,Olrenshaw,kolrenshaw7x@unicef.org,Male,111.79.228.30
287,Shayne,Union,sunion7y@twitpic.com,Female,46.77.226.99
288,Teri,Caltera,tcaltera7z@taobao.com,Female,248.223.188.48
289,Keith,Peartree,kpeartree80@cocolog-nifty.com,Male,124.6.99.234
290,Aguie,Reglar,areglar81@tinypic.com,Male,186.255.21.92
291,Babita,Yelden,byelden82@elpais.com,Female,247.183.69.192
292,Sylvan,Pavy,spavy83@timesonline.co.uk,Male,129.223.67.18
293,Elga,Ostridge,eostridge84@themeforest.net,Female,186.22.193.252
294,Ailsun,Deval,adeval85@csmonitor.com,Female,57.203.131.173
295,Cicily,McCallum,cmccallum86@disqus.com,Female,136.229.205.154
296,Gage,Dartan,gdartan87@kickstarter.com,Male,224.69.240.88
297,Kevin,Rakes,krakes88@nbcnews.com,Male,46.7.62.70
298,Peggie,Gothard,pgothard89@vk.com,Female,227.145.118.4
299,Wright,Penhale,wpenhale8a@jalbum.net,Male,115.149.189.172
300,Yasmeen,Hurdman,yhurdman8b@usnews.com,Female,190.34.233.100
301,Ari,Maxwell,amaxwell8c@blinklist.com,Male,19.28.102.7
302,Saudra,Rounding,srounding8d@over-blog.com,Female,107.70.28.25
303,Jewel,Evison,jevison8e@nba.com,Female,1.175.176.88
304,Montague,Regenhardt,mregenhardt8f@japanpost.jp,Male,242.240.249.175
305,Alane,Stanwix,astanwix8g@ezinearticles.com,Female,161.163.225.177
306,Shane,Ransley,sransley8h@ameblo.jp,Female,84.13.180.74
307,Sissie,Staveley,sstaveley8i@go.com,Female,208.128.110.93
308,Boote,Pentelo,bpentelo8j@skyrock.com,Male,12.194.180.161
309,Maurice,Pantin,mpantin8k@issuu.com,Male,61.34.48.102
310,Micah,O'Noland,monoland8l@cnet.com,Male,111.155.189.203
311,Glendon,Goodbairn,ggoodbairn8m@mtv.com,Male,226.8.224.135
312,Caitlin,Waith,cwaith8n@theglobeandmail.com,Female,207.139.177.131
313,Eldridge,Peoples,epeoples8o@sbwire.com,Male,58.151.75.238
314,Homerus,Forth,hforth8p@uiuc.edu,Male,36.52.83.10
315,Gay,Mole,gmole8q@artisteer.com,Female,51.210.189.26
316,Maddie,Maydwell,mmaydwell8r@hibu.com,Female,13.184.198.74
317,Tory,Meggison,tmeggison8s@elpais.com,Female,179.157.152.87
318,Brantley,Necolds,bnecolds8t@weather.com,Male,250.201.87.226
319,Baxy,Fowls,bfowls8u@google.fr,Male,44.186.25.149
320,Barnabe,Hendrich,bhendrich8v@addthis.com,Male,31.213.158.21
321,Ally,Cleaveland,acleaveland8w@time.com,Female,63.227.57.32
322,Christel,Peasegod,cpeasegod8x@is.gd,Female,87.131.80.174
323,Shel,Combe,scombe8y@qq.com,Female,47.195.195.137
324,Flor,Durrant,fdurrant8z@tinypic.com,Female,25.163.142.237
325,Rozelle,Gheerhaert,rgheerhaert90@i2i.jp,Female,58.141.154.156
326,Jodie,Grimmer,jgrimmer91@google.ca,Male,217.41.93.180
327,Jo-anne,Southey,jsouthey92@google.com.au,Female,243.55.75.88
328,Judah,Heiss,jheiss93@businessweek.com,Male,48.51.62.216
329,Myrna,Hyrons,mhyrons94@php.net,Female,101.211.175.227
330,Aymer,Richley,arichley95@google.ca,Male,171.45.146.148
331,Indira,Stolberg,istolberg96@psu.edu,Female,225.252.173.86
332,Andromache,Bahlmann,abahlmann97@google.es,Female,250.167.171.193
333,Sherry,Faireclough,sfaireclough98@pinterest.com,Female,179.119.36.98
334,Bud,McCart,bmccart99@timesonline.co.uk,Male,3.238.131.53
335,Griffie,Hartzogs,ghartzogs9a@webmd.com,Male,181.222.113.60
336,Eal,Garrison,egarrison9b@archive.org,Male,161.114.238.122
337,Del,Striker,dstriker9c@pcworld.com,Male,26.38.214.213
338,Perle,Symers,psymers9d@mediafire.com,Female,163.6.82.217
339,Sabine,Dreghorn,sdreghorn9e@hao123.com,Female,150.206.66.0
340,Charissa,Chester,cchester9f@time.com,Female,46.229.26.200
341,Chantalle,Hoys,choys9g@typepad.com,Female,182.98.181.57
342,Nikos,Blenkharn,nblenkharn9h@dyndns.org,Male,51.144.247.22
343,Giselbert,Reims,greims9i@ebay.co.uk,Male,62.12.74.146
344,Rip,Littler,rlittler9j@ted.com,Male,71.209.141.211
345,Tiffy,Featherby,tfeatherby9k@ask.com,Female,5.204.122.152
346,Oliviero,Moar,omoar9l@t-online.de,Male,184.146.239.96
347,Clifford,Gotter,cgotter9m@reference.com,Male,251.67.244.146
348,Jeannette,Sandbrook,jsandbrook9n@printfriendly.com,Female,200.236.122.75
349,Theresina,Hein,thein9o@psu.edu,Female,161.249.93.119
350,Alwyn,O'Garmen,aogarmen9p@gravatar.com,Male,67.192.26.68
351,Shannon,Orrin,sorrin9q@multiply.com,Female,17.83.13.177
352,Marylynne,Swaddle,mswaddle9r@google.com.au,Female,114.2.210.156
353,Richardo,Posner,rposner9s@skype.com,Male,242.238.126.99
354,Nigel,Kurton,nkurton9t@eventbrite.com,Male,78.125.118.112
355,Dacey,Pude,dpude9u@soundcloud.com,Female,54.40.18.194
356,Chan,Franzolini,cfranzolini9v@prlog.org,Male,201.22.88.128
357,Bruno,Fawdry,bfawdry9w@google.co.jp,Male,14.238.109.191
358,Connor,Greg,cgreg9x@scientificamerican.com,Male,107.209.140.164
359,Jake,Evangelinos,jevangelinos9y@si.edu,Male,58.51.210.224
360,Lorrie,Rumbellow,lrumbellow9z@qq.com,Male,161.207.63.15
361,Dell,Sex,dsexa0@hubpages.com,Male,166.100.85.216
362,Amory,MacKonochie,amackonochiea1@youtu.be,Male,160.120.49.181
363,See,Pelfer,spelfera2@jimdo.com,Male,111.119.247.231
364,Fenelia,Pendle,fpendlea3@hhs.gov,Female,81.108.107.31
365,Raquel,Goundry,rgoundrya4@furl.net,Female,137.59.68.206
366,Livvy,Joddins,ljoddinsa5@canalblog.com,Female,254.203.9.252
367,Gar,MacParland,gmacparlanda6@bluehost.com,Male,195.251.102.76
368,Tammara,Petti,tpettia7@so-net.ne.jp,Female,91.192.115.143
369,Carson,Perri,cperria8@jugem.jp,Male,220.216.244.179
370,Haily,Mathou,hmathoua9@wikispaces.com,Female,45.129.139.64
371,Lesley,Goligly,lgoliglyaa@mapy.cz,Female,4.227.80.62
372,Derick,Mytton,dmyttonab@disqus.com,Male,175.224.5.250
373,Aylmar,Fronsek,afronsekac@census.gov,Male,90.195.39.45
374,Gabriela,Guesford,gguesfordad@economist.com,Female,36.147.89.3
375,Fredelia,Grey,fgreyae@hp.com,Female,127.141.173.184
376,Melisse,Devereu,mdevereuaf@deliciousdays.com,Female,19.122.151.160
377,Vernor,Holstein,vholsteinag@netscape.com,Male,222.219.146.72
378,Rori,Gantzman,rgantzmanah@ihg.com,Female,112.74.240.238
379,Romain,Dreinan,rdreinanai@so-net.ne.jp,Male,79.224.98.25
380,Angie,Ettles,aettlesaj@comsenz.com,Female,201.214.181.71
381,Lesley,MacDunleavy,lmacdunleavyak@dailymotion.com,Male,88.240.67.231
382,Ruthe,Dametti,rdamettial@wikipedia.org,Female,90.54.197.152
383,Hatti,Gorner,hgorneram@springer.com,Female,36.69.82.255
384,Pincus,Brice,pbricean@lycos.com,Male,136.188.202.178
385,Gay,Neat,gneatao@mac.com,Male,136.243.132.112
386,Gwyneth,Giroldi,ggiroldiap@godaddy.com,Female,230.21.245.50
387,Luella,Salla,lsallaaq@drupal.org,Female,233.52.141.127
388,Ingamar,Gothup,igothupar@narod.ru,Male,194.243.203.200
389,Wynnie,Cropper,wcropperas@imdb.com,Female,49.73.43.148
390,Noak,Ruppel,nruppelat@plala.or.jp,Male,208.65.198.164
391,Debera,Dible,ddibleau@reference.com,Female,194.62.180.159
392,Dorelle,Erley,derleyav@blogtalkradio.com,Female,232.14.69.199
393,Thorsten,O' Reagan,toreaganaw@usatoday.com,Male,183.67.80.149
394,Rafaelita,Spowage,rspowageax@rakuten.co.jp,Female,194.170.89.118
395,Torie,Channing,tchanningay@apache.org,Female,208.77.213.57
396,Lance,Cleaves,lcleavesaz@oaic.gov.au,Male,94.21.248.210
397,Gilbertina,Jorger,gjorgerb0@e-recht24.de,Female,142.227.22.89
398,Troy,Killelay,tkillelayb1@google.com,Male,139.235.82.249
399,Aeriel,Ambridge,aambridgeb2@yandex.ru,Female,16.176.201.174
400,Kellen,Hearnaman,khearnamanb3@jimdo.com,Female,77.27.33.236
401,Betsy,Boddie,bboddieb4@sphinn.com,Female,65.170.102.185
402,Allayne,Whyberd,awhyberdb5@toplist.cz,Male,145.208.243.12
403,Madeline,Mobius,mmobiusb6@wordpress.org,Female,35.125.155.220
404,Ilse,Schoenrock,ischoenrockb7@de.vu,Female,112.199.38.152
405,Feodor,Learmond,flearmondb8@taobao.com,Male,101.144.67.21
406,Shaylyn,Sandars,ssandarsb9@a8.net,Female,149.1.203.163
407,Roxane,Wallbutton,rwallbuttonba@networkadvertising.org,Female,96.93.159.118
408,Bud,Knapman,bknapmanbb@networksolutions.com,Male,122.79.126.164
409,Garry,Essam,gessambc@gizmodo.com,Male,207.50.164.164
410,Briny,Meredyth,bmeredythbd@reference.com,Female,20.101.21.21
411,Ranee,Keyse,rkeysebe@state.tx.us,Female,250.58.45.119
412,Peyter,Poge,ppogebf@howstuffworks.com,Male,53.13.6.63
413,Kristo,Bithany,kbithanybg@google.co.jp,Male,118.161.167.237
414,Luciana,Witherdon,lwitherdonbh@sitemeter.com,Female,157.6.141.177
415,Blisse,Rubbert,brubbertbi@reuters.com,Female,235.192.195.98
416,Perkin,Polotti,ppolottibj@seesaa.net,Male,226.91.57.88
417,Benny,Dallow,bdallowbk@cdbaby.com,Male,92.203.112.130
418,Corey,Charter,ccharterbl@apple.com,Female,252.50.238.91
419,Angus,MacGovern,amacgovernbm@blogtalkradio.com,Male,18.234.92.163
420,Joly,Finn,jfinnbn@dell.com,Female,246.199.212.150
421,Onfre,Gegay,ogegaybo@umich.edu,Male,210.246.253.54
422,Israel,Fyldes,ifyldesbp@w3.org,Male,101.7.230.150
423,Pasquale,Tween,ptweenbq@qq.com,Male,250.27.180.219
424,Rozina,Chasles,rchaslesbr@imdb.com,Female,112.131.127.86
425,Eliot,Shadbolt,eshadboltbs@netscape.com,Male,16.204.37.32
426,Sauveur,Dodwell,sdodwellbt@nytimes.com,Male,67.162.11.92
427,Lloyd,Fassbindler,lfassbindlerbu@samsung.com,Male,218.174.19.142
428,Rooney,Wallman,rwallmanbv@photobucket.com,Male,4.17.230.168
429,Caressa,Stenton,cstentonbw@51.la,Female,43.194.79.225
430,Hester,Andrys,handrysbx@comsenz.com,Female,200.148.106.178
431,Rubina,Amery,rameryby@guardian.co.uk,Female,148.167.99.14
432,Tuckie,Cuffe,tcuffebz@purevolume.com,Male,39.101.54.11
433,Bernardine,Lippett,blippettc0@smugmug.com,Female,219.178.203.113
434,Clarinda,Fitzjohn,cfitzjohnc1@omniture.com,Female,1.241.156.55
435,Mathilde,Levins,mlevinsc2@mashable.com,Female,90.17.64.81
436,Goldi,Flieger,gfliegerc3@chron.com,Female,31.22.191.48
437,Jedidiah,Bunner,jbunnerc4@free.fr,Male,211.31.70.70
438,Chelsy,Gatrill,cgatrillc5@mapquest.com,Female,238.249.111.231
439,Dallas,Casiero,dcasieroc6@artisteer.com,Female,21.76.134.201
440,Rowney,Cicculi,rcicculic7@sciencedirect.com,Male,238.145.254.50
441,Hersh,Jollye,hjollyec8@tuttocitta.it,Male,89.227.242.47
442,Trista,Muat,tmuatc9@bigcartel.com,Female,187.131.113.230
443,Sheffie,Prichet,sprichetca@51.la,Male,100.255.72.232
444,Valeria,Footer,vfootercb@skyrock.com,Female,128.45.71.82
445,Emelia,Pelman,epelmancc@clickbank.net,Female,38.192.214.31
446,Cassy,Birchill,cbirchillcd@walmart.com,Female,149.147.68.19
447,Thom,Chewter,tchewterce@ucoz.ru,Male,206.195.172.13
448,Rodney,Monini,rmoninicf@imageshack.us,Male,187.200.26.204
449,Addy,Lindgren,alindgrencg@hubpages.com,Male,85.69.158.49
450,Garland,Westcarr,gwestcarrch@go.com,Female,129.219.142.36
451,Sanderson,Lower,slowerci@google.fr,Male,173.196.170.103
452,Ronald,Skoyles,rskoylescj@shareasale.com,Male,69.146.135.20
453,Brendon,Schimek,bschimekck@hp.com,Male,34.51.128.40
454,Giffer,Kopisch,gkopischcl@fema.gov,Male,86.31.174.245
455,Jamill,Trays,jtrayscm@360.cn,Male,115.36.104.105
456,Leona,Rispin,lrispincn@github.com,Female,63.90.213.199
457,Jonie,Gravenor,jgravenorco@yellowbook.com,Female,128.34.171.206
458,Sasha,Scobie,sscobiecp@huffingtonpost.com,Female,29.233.114.3
459,Julita,Boynton,jboyntoncq@mediafire.com,Female,57.162.253.11
460,Graig,Ferrao,gferraocr@artisteer.com,Male,193.186.170.187
461,Linoel,Kroin,lkroincs@netvibes.com,Male,8.102.118.187
462,Ralina,Fincham,rfinchamct@yolasite.com,Female,221.113.96.255
463,Lucilia,Doerrling,ldoerrlingcu@reuters.com,Female,171.114.166.45
464,Garvy,Candish,gcandishcv@dmoz.org,Male,96.144.52.181
465,Melina,Baitman,mbaitmancw@theatlantic.com,Female,145.140.188.104
466,Marco,D'Acth,mdacthcx@cbc.ca,Male,247.38.228.99
467,Gifford,Andrzejczak,gandrzejczakcy@homestead.com,Male,13.181.123.40
468,Tiphany,Batters,tbatterscz@japanpost.jp,Female,161.186.50.173
469,Fianna,Humbee,fhumbeed0@multiply.com,Female,135.202.191.105
470,Viv,Gonnelly,vgonnellyd1@linkedin.com,Female,60.86.233.23
471,Farah,Bilsland,fbilslandd2@pbs.org,Female,163.69.152.249
472,Jeromy,Carabine,jcarabined3@gnu.org,Male,194.122.95.154
473,Clim,Cajkler,ccajklerd4@bigcartel.com,Male,125.220.49.4
474,Elnar,Tinto,etintod5@t-online.de,Male,49.221.99.186
475,Cameron,Bowers,cbowersd6@statcounter.com,Male,153.115.92.51
476,Padraic,Gumley,pgumleyd7@addtoany.com,Male,194.24.99.243
477,Shaylyn,Maple,smapled8@com.com,Female,123.59.187.82
478,Christine,Thorwarth,cthorwarthd9@zimbio.com,Female,175.104.233.221
479,Herve,Baal,hbaalda@histats.com,Male,116.65.90.144
480,Jabez,Hof,jhofdb@bluehost.com,Male,157.214.220.43
481,Mark,Baptista,mbaptistadc@over-blog.com,Male,246.152.112.163
482,Andras,Bafford,abafforddd@nih.gov,Male,243.187.59.236
483,Benedicto,Chezelle,bchezellede@hatena.ne.jp,Male,29.252.218.34
484,Lucinda,Lambregts,llambregtsdf@patch.com,Female,137.89.233.204
485,Amata,Purcell,apurcelldg@springer.com,Female,33.154.144.16
486,Luis,De Michele,ldemicheledh@hostgator.com,Male,212.12.230.209
487,Lucais,Yushin,lyushindi@indiegogo.com,Male,80.68.146.44
488,Heath,Schroder,hschroderdj@quantcast.com,Male,154.162.129.140
489,Alia,Beaudry,abeaudrydk@addthis.com,Female,152.41.40.90
490,Giff,Barbour,gbarbourdl@chron.com,Male,142.12.84.136
491,Ashla,Scrivinor,ascrivinordm@lulu.com,Female,1.143.226.74
492,Eli,Geany,egeanydn@mapquest.com,Male,205.188.210.215
493,Kathi,Blackbrough,kblackbroughdo@bbb.org,Female,105.191.170.182
494,Paxon,Haxell,phaxelldp@privacy.gov.au,Male,204.162.227.194
495,Lawry,Cullerne,lcullernedq@t.co,Male,4.217.94.106
496,Minne,Slyford,mslyforddr@ebay.co.uk,Female,247.178.25.237
497,Adele,Tinner,atinnerds@jigsy.com,Female,239.170.38.61
498,Royall,Witul,rwituldt@squarespace.com,Male,9.35.76.85
499,Lari,Inchan,linchandu@phoca.cz,Female,16.107.5.129
500,Lura,Teas,lteasdv@japanpost.jp,Female,189.90.145.175
501,Teresina,Stopford,tstopforddw@va.gov,Female,112.240.241.194
502,Terrye,Ridolfo,tridolfodx@kickstarter.com,Female,112.118.236.238
503,Ches,Seagar,cseagardy@ft.com,Male,136.62.113.159
504,Shae,Fruchter,sfruchterdz@arizona.edu,Female,113.65.153.46
505,Elise,Wichard,ewicharde0@bizjournals.com,Female,136.195.58.252
506,Starlin,Janauschek,sjanauscheke1@lycos.com,Female,57.155.51.106
507,Mord,Beardsdale,mbeardsdalee2@noaa.gov,Male,45.128.2.39
508,Garv,Deverell,gdeverelle3@nymag.com,Male,244.167.198.130
509,Cameron,Ohlsen,cohlsene4@symantec.com,Male,17.102.69.24
510,Karrah,Sima,ksimae5@wsj.com,Female,13.210.50.130
511,Meryl,Urwen,murwene6@indiatimes.com,Female,171.188.84.147
512,Brit,Babin,bbabine7@engadget.com,Female,38.242.97.5
513,Erik,Grogono,egrogonoe8@scribd.com,Male,184.203.250.15
514,Ofella,Drogan,odrogane9@networkadvertising.org,Female,104.190.95.112
515,Nikolos,Meachan,nmeachanea@xing.com,Male,89.195.42.14
516,Darius,Steels,dsteelseb@blogs.com,Male,63.155.231.196
517,Aldis,Woodroffe,awoodroffeec@gizmodo.com,Male,8.113.72.210
518,Meryl,Gebbe,mgebbeed@mit.edu,Male,148.236.65.44
519,Nathalie,Fairlaw,nfairlawee@posterous.com,Female,195.101.160.52
520,Papageno,Marvel,pmarvelef@webs.com,Male,78.204.236.13
521,Dominique,Jecks,djeckseg@ed.gov,Male,18.71.178.217
522,Bailie,Bordessa,bbordessaeh@tumblr.com,Male,187.35.12.207
523,Josi,Dillingstone,jdillingstoneei@sciencedirect.com,Female,49.83.75.250
524,Ricoriki,Lobley,rlobleyej@census.gov,Male,213.59.122.31
525,Mariejeanne,Twiddell,mtwiddellek@java.com,Female,161.40.115.114
526,Annabela,Skeermer,askeermerel@reuters.com,Female,245.181.210.83
527,Kari,Itzhaiek,kitzhaiekem@gov.uk,Female,196.136.27.119
528,Aguste,Jovasevic,ajovasevicen@smugmug.com,Male,201.96.221.229
529,Granthem,McLeman,gmclemaneo@zimbio.com,Male,173.0.246.167
530,Drucill,Otham,dothamep@dagondesign.com,Female,21.214.30.28
531,Reynolds,Jeandot,rjeandoteq@blinklist.com,Male,125.235.22.1
532,Rubin,Knudsen,rknudsener@i2i.jp,Male,21.17.198.25
533,Nariko,Davidesco,ndavidescoes@ning.com,Female,108.161.33.218
534,Levon,Cacacie,lcacacieet@simplemachines.org,Male,206.238.129.165
535,Dosi,Silwood,dsilwoodeu@unc.edu,Female,65.100.203.123
536,Saudra,Scading,sscadingev@deliciousdays.com,Female,183.146.177.128
537,Drusilla,Bolletti,dbollettiew@alexa.com,Female,61.209.220.153
538,Katerina,Renihan,krenihanex@whitehouse.gov,Female,218.201.190.121
539,Luce,Southard,lsouthardey@booking.com,Female,3.241.180.79
540,Kimmy,Haggus,khaggusez@indiatimes.com,Female,45.54.244.125
541,Ashlin,Rippingale,arippingalef0@noaa.gov,Male,95.55.54.39
542,Carney,Matyatin,cmatyatinf1@forbes.com,Male,187.26.239.117
543,Berenice,Burras,bburrasf2@webnode.com,Female,24.17.58.174
544,Jobey,Nott,jnottf3@nature.com,Female,178.164.89.242
545,Theresina,Duggan,tdugganf4@yandex.ru,Female,97.232.254.164
546,Donaugh,Reen,dreenf5@discuz.net,Male,175.81.240.90
547,Normie,Delagua,ndelaguaf6@pagesperso-orange.fr,Male,115.137.180.243
548,Jefferson,Foldes,jfoldesf7@biglobe.ne.jp,Male,194.59.21.26
549,Roxi,Shimman,rshimmanf8@booking.com,Female,157.138.183.3
550,Cesare,Causbey,ccausbeyf9@soundcloud.com,Male,184.141.215.143
551,Ferne,Fattore,ffattorefa@admin.ch,Female,112.107.114.168
552,Rinaldo,Carl,rcarlfb@washingtonpost.com,Male,120.213.74.202
553,Martelle,Ciric,mciricfc@prweb.com,Female,254.82.137.34
554,Marlin,Beacon,mbeaconfd@china.com.cn,Male,224.178.188.6
555,Frederigo,Millan,fmillanfe@pbs.org,Male,234.208.123.10
556,Marje,Klimschak,mklimschakff@photobucket.com,Female,47.110.97.76
557,Trista,Dutteridge,tdutteridgefg@adobe.com,Female,73.0.239.106
558,Sherm,Hubatsch,shubatschfh@bing.com,Male,244.228.91.61
559,Norrie,Benger,nbengerfi@paginegialle.it,Female,228.187.10.234
560,Angelo,Vernall,avernallfj@nasa.gov,Male,115.177.68.162
561,Peadar,Lombardo,plombardofk@spotify.com,Male,149.94.165.239
562,Dickie,Jinkins,djinkinsfl@slate.com,Male,130.81.133.187
563,Norene,Marner,nmarnerfm@bandcamp.com,Female,169.170.235.134
564,Tonnie,Tamblingson,ttamblingsonfn@dot.gov,Male,196.127.210.206
565,Calvin,Staries,cstariesfo@admin.ch,Male,40.213.88.94
566,Kitty,Maultby,kmaultbyfp@feedburner.com,Female,166.188.49.109
567,Kenton,Ledster,kledsterfq@howstuffworks.com,Male,137.185.80.198
568,Eamon,Heinecke,eheineckefr@wunderground.com,Male,235.60.213.196
569,Chancey,Kornousek,ckornousekfs@cyberchimps.com,Male,100.159.243.134
570,Jeramey,Di Antonio,jdiantonioft@accuweather.com,Male,64.149.8.189
571,Tait,MacDaid,tmacdaidfu@pen.io,Male,173.23.240.183
572,Morten,Zupone,mzuponefv@patch.com,Male,220.111.221.156
573,Florencia,Phaup,fphaupfw@toplist.cz,Female,225.220.107.52
574,Friedrick,Harragin,fharraginfx@1688.com,Male,4.232.5.38
575,Ed,Swepstone,eswepstonefy@ebay.com,Male,69.57.99.211
576,Davin,Wybern,dwybernfz@paypal.com,Male,116.70.30.145
577,Charin,Stiddard,cstiddardg0@abc.net.au,Female,182.45.227.223
578,Vivianna,Adlard,vadlardg1@wordpress.org,Female,242.240.61.250
579,Rudolfo,Jorgensen,rjorgenseng2@hugedomains.com,Male,156.33.76.135
580,Rufe,Tailour,rtailourg3@joomla.org,Male,232.150.83.167
581,Nadine,Chilver,nchilverg4@tinyurl.com,Female,129.235.57.153
582,Reade,Montacute,rmontacuteg5@webnode.com,Male,176.4.113.214
583,Yovonnda,Fish,yfishg6@gnu.org,Female,156.203.205.162
584,Angelita,Robic,arobicg7@wordpress.org,Female,87.130.29.69
585,Ann-marie,Bothram,abothramg8@cam.ac.uk,Female,73.189.235.68
586,Johnnie,Michael,jmichaelg9@blog.com,Male,231.243.100.153
587,Bob,Aharoni,baharoniga@issuu.com,Male,206.51.40.160
588,Sylvia,Godding,sgoddinggb@over-blog.com,Female,58.1.25.164
589,Ward,Bilby,wbilbygc@naver.com,Male,81.77.28.134
590,Norton,Rothon,nrothongd@utexas.edu,Male,39.64.75.118
591,Andria,Spellacy,aspellacyge@nhs.uk,Female,180.53.173.173
592,Fabiano,Christofor,fchristoforgf@utexas.edu,Male,167.43.45.197
593,Carce,Mussolini,cmussolinigg@dailymail.co.uk,Male,15.184.66.228
594,Erroll,Juliff,ejuliffgh@fastcompany.com,Male,180.113.66.125
595,Christopher,Cordon,ccordongi@chicagotribune.com,Male,95.165.220.60
596,Garrot,Wagon,gwagongj@dion.ne.jp,Male,27.40.190.174
597,Kinnie,Mogra,kmogragk@godaddy.com,Male,91.122.40.225
598,Oralle,Gorner,ogornergl@va.gov,Female,194.43.162.57
599,Roselin,Vint,rvintgm@imgur.com,Female,189.81.85.44
600,Rahal,Houndson,rhoundsongn@addthis.com,Female,157.152.11.152
601,Zak,Leverson,zleversongo@google.co.uk,Male,105.235.243.108
602,Floyd,McTeague,fmcteaguegp@biblegateway.com,Male,246.181.118.233
603,Sallee,Twigge,stwiggegq@digg.com,Female,138.94.156.47
604,Patton,Botright,pbotrightgr@weather.com,Male,171.23.101.33
605,Jillana,Ferroni,jferronigs@123-reg.co.uk,Female,254.174.178.191
606,Harrison,Zima,hzimagt@craigslist.org,Male,196.14.93.122
607,Bernelle,Jimes,bjimesgu@answers.com,Female,144.138.109.4
608,Morry,Keer,mkeergv@ucoz.ru,Male,143.157.101.137
609,Robinet,Cuxon,rcuxongw@sun.com,Female,124.224.49.76
610,Bear,MacCumeskey,bmaccumeskeygx@yelp.com,Male,153.128.78.232
611,Neile,Reardon,nreardongy@bravesites.com,Female,155.158.123.207
612,Lavina,Farrant,lfarrantgz@spiegel.de,Female,71.189.133.251
613,Arie,Bauduccio,abauduccioh0@liveinternet.ru,Male,57.121.159.236
614,Noni,Clausson,nclaussonh1@g.co,Female,96.211.203.136
615,Alvin,Waszkiewicz,awaszkiewiczh2@moonfruit.com,Male,173.119.106.133
616,Retha,Latta,rlattah3@eventbrite.com,Female,108.122.214.157
617,Ulrick,Thunder,uthunderh4@tinypic.com,Male,86.97.248.193
618,Marabel,Baudasso,mbaudassoh5@auda.org.au,Female,227.92.171.37
619,Daron,Robuchon,drobuchonh6@china.com.cn,Male,203.74.85.107
620,Francis,Peake,fpeakeh7@linkedin.com,Male,36.231.170.178
621,Anna-maria,Messingham,amessinghamh8@nsw.gov.au,Female,32.9.186.99
622,Odette,Todhunter,otodhunterh9@dagondesign.com,Female,225.234.72.23
623,Corinna,Stopper,cstopperha@nps.gov,Female,3.93.151.190
624,Shaw,Bernardeschi,sbernardeschihb@fotki.com,Male,80.225.5.238
625,Reba,Snow,rsnowhc@walmart.com,Female,194.161.38.94
626,Tessa,Gomersall,tgomersallhd@phpbb.com,Female,75.153.192.45
627,Alec,Beazleigh,abeazleighhe@walmart.com,Male,179.218.42.181
628,Aveline,Klebes,aklebeshf@sbwire.com,Female,38.103.235.68
629,Jania,O'Lenane,jolenanehg@desdev.cn,Female,31.94.48.160
630,Hazel,Hindshaw,hhindshawhh@unblog.fr,Male,98.125.236.58
631,Mechelle,Feavers,mfeavershi@ox.ac.uk,Female,54.90.197.247
632,Pierson,Mucklow,pmucklowhj@addtoany.com,Male,0.155.237.48
633,Nikolaos,Cheel,ncheelhk@cyberchimps.com,Male,24.103.119.113
634,Dru,Getch,dgetchhl@slate.com,Male,196.102.230.137
635,Rafael,Whittlesey,rwhittleseyhm@ovh.net,Male,120.9.93.169
636,Jacquelyn,Woodstock,jwoodstockhn@joomla.org,Female,172.103.206.51
637,Winonah,Pudan,wpudanho@washington.edu,Female,178.194.215.18
638,Roxanna,Kinton,rkintonhp@gnu.org,Female,82.18.192.197
639,Kingston,Brasse,kbrassehq@skype.com,Male,38.51.78.58
640,Matthus,Jeremiah,mjeremiahhr@hexun.com,Male,225.31.254.57
641,Jan,Gauntley,jgauntleyhs@istockphoto.com,Male,166.66.211.48
642,Kasey,Craigs,kcraigsht@uiuc.edu,Female,86.195.76.246
643,Cirillo,Prevett,cprevetthu@liveinternet.ru,Male,101.110.222.119
644,Darnall,Ismay,dismayhv@weibo.com,Male,11.244.180.31
645,Rudiger,Boycott,rboycotthw@51.la,Male,179.81.232.20
646,Patty,Pinder,ppinderhx@google.com.au,Male,186.160.78.88
647,Salem,Thebeaud,sthebeaudhy@google.com.hk,Male,53.196.198.226
648,Ethelind,Mullard,emullardhz@theglobeandmail.com,Female,98.226.15.36
649,Ellery,Sitlinton,esitlintoni0@dagondesign.com,Male,52.245.94.31
650,Kiley,Goldfinch,kgoldfinchi1@issuu.com,Female,25.213.146.174
651,Stephanus,Ubsdale,subsdalei2@linkedin.com,Male,208.87.249.18
652,Elicia,Hearst,ehearsti3@uiuc.edu,Female,240.60.112.237
653,Leese,Ninnoli,lninnolii4@indiatimes.com,Female,53.139.174.46
654,Viviana,Bernardon,vbernardoni5@reuters.com,Female,146.63.140.17
655,Marjorie,Biggadyke,mbiggadykei6@constantcontact.com,Female,162.89.81.157
656,Maje,Doxey,mdoxeyi7@noaa.gov,Male,58.206.254.237
657,Jacki,Alejandro,jalejandroi8@themeforest.net,Female,104.96.164.67
658,Gilly,Yanyushkin,gyanyushkini9@nytimes.com,Female,173.54.195.105
659,Valentine,Brenton,vbrentonia@howstuffworks.com,Female,176.212.46.228
660,Nyssa,Richie,nrichieib@businesswire.com,Female,98.253.106.8
661,Tobe,Pluck,tpluckic@github.io,Male,19.66.133.171
662,Sarette,Mattisson,smattissonid@biglobe.ne.jp,Female,176.110.28.93
663,Tommie,Hexter,thexterie@domainmarket.com,Male,190.178.236.3
664,Clarance,Robberts,crobbertsif@rediff.com,Male,63.169.135.104
665,Tonye,Denham,tdenhamig@tripadvisor.com,Female,137.18.197.150
666,Oby,Abbyss,oabbyssih@apache.org,Male,122.6.127.95
667,Chadwick,Greener,cgreenerii@behance.net,Male,175.169.205.166
668,Trumann,Danes,tdanesij@facebook.com,Male,15.70.238.45
669,Dan,Self,dselfik@bbb.org,Male,163.126.189.120
670,Rutledge,Lapham,rlaphamil@baidu.com,Male,174.3.168.26
671,Carlyle,Ciani,ccianiim@de.vu,Male,189.72.186.151
672,Orlando,Cockerton,ocockertonin@marketwatch.com,Male,250.97.154.165
673,Horacio,Clarke-Williams,hclarkewilliamsio@oakley.com,Male,116.132.116.65
674,Christine,Morales,cmoralesip@so-net.ne.jp,Female,69.76.89.217
675,Kippie,Sayburn,ksayburniq@illinois.edu,Female,162.191.39.124
676,Drucie,Luckes,dluckesir@t-online.de,Female,216.213.75.74
677,Adela,Eburah,aeburahis@sfgate.com,Female,36.174.44.66
678,Annissa,Daal,adaalit@goo.ne.jp,Female,14.197.204.147
679,Celeste,Dobrovolny,cdobrovolnyiu@yellowpages.com,Female,34.121.103.113
680,Randene,Pydcock,rpydcockiv@yolasite.com,Female,255.44.199.110
681,Wendeline,Snelson,wsnelsoniw@fc2.com,Female,203.141.82.57
682,Thibaut,Peinke,tpeinkeix@ifeng.com,Male,174.112.103.237
683,Sharline,Ayto,saytoiy@networksolutions.com,Female,160.94.243.75
684,Marissa,Stallan,mstallaniz@smugmug.com,Female,66.78.52.193
685,Paulo,Lydiard,plydiardj0@home.pl,Male,198.210.189.238
686,Emalee,Dyett,edyettj1@csmonitor.com,Female,53.93.210.177
687,Algernon,Halpeine,ahalpeinej2@macromedia.com,Male,42.255.119.142
688,Danika,Dametti,ddamettij3@angelfire.com,Female,193.179.232.223
689,Jane,Shelborne,jshelbornej4@gmpg.org,Female,187.223.127.208
690,Maribel,Sedman,msedmanj5@diigo.com,Female,199.4.147.255
691,Madelena,Embery,memberyj6@elegantthemes.com,Female,226.46.171.163
692,Towney,Caze,tcazej7@cbsnews.com,Male,208.175.216.72
693,Filippa,Hof,fhofj8@cnet.com,Female,189.102.116.223
694,Thaddeus,Ghirigori,tghirigorij9@nymag.com,Male,237.94.237.61
695,Adoree,Sobey,asobeyja@istockphoto.com,Female,0.88.147.132
696,Rhiamon,Crayton,rcraytonjb@admin.ch,Female,192.186.49.118
697,Coleman,Calcutt,ccalcuttjc@apple.com,Male,181.130.68.112
698,Clarke,Gallaher,cgallaherjd@wufoo.com,Male,13.55.198.241
699,Farrand,Howford,fhowfordje@telegraph.co.uk,Female,162.99.195.149
700,Fernande,Littell,flittelljf@globo.com,Female,109.70.45.174
701,Agretha,Downse,adownsejg@chronoengine.com,Female,128.56.25.168
702,Olag,Fairy,ofairyjh@wsj.com,Male,43.90.226.242
703,Jerrilee,Juste,jjusteji@edublogs.org,Female,31.70.200.27
704,Lauraine,Durman,ldurmanjj@php.net,Female,126.49.194.241
705,Rancell,Sporton,rsportonjk@hhs.gov,Male,232.25.146.3
706,Jud,Gouth,jgouthjl@1und1.de,Male,132.208.29.79
707,Kylen,Fussell,kfusselljm@linkedin.com,Female,86.90.91.74
708,Andromache,Mauvin,amauvinjn@squarespace.com,Female,135.38.69.192
709,Milissent,Ketts,mkettsjo@salon.com,Female,59.32.203.21
710,Marlon,Sapsforde,msapsfordejp@earthlink.net,Male,90.170.168.201
711,Willard,Farnsworth,wfarnsworthjq@uol.com.br,Male,215.105.135.21
712,Tobit,Ayllett,tayllettjr@loc.gov,Male,128.0.52.152
713,Demetre,Carstairs,dcarstairsjs@webnode.com,Male,72.231.80.255
714,Amalle,McGrorty,amcgrortyjt@symantec.com,Female,107.198.145.120
715,Nathalia,MacGorley,nmacgorleyju@businessinsider.com,Female,71.208.200.228
716,Ahmad,Hardisty,ahardistyjv@tumblr.com,Male,68.215.99.92
717,Allayne,Saines,asainesjw@macromedia.com,Male,230.171.99.14
718,Phelia,Kmieciak,pkmieciakjx@odnoklassniki.ru,Female,144.25.216.86
719,Yardley,Twigge,ytwiggejy@google.co.uk,Male,149.90.80.195
720,Chauncey,Ranyell,cranyelljz@edublogs.org,Male,77.14.118.150
721,Amabelle,Bartke,abartkek0@moonfruit.com,Female,189.106.110.197
722,Craggie,Gracewood,cgracewoodk1@exblog.jp,Male,236.255.77.116
723,Therine,Burrett,tburrettk2@infoseek.co.jp,Female,121.164.28.130
724,Kayley,MacNess,kmacnessk3@tripadvisor.com,Female,134.31.252.124
725,Hollie,Greatrakes,hgreatrakesk4@wsj.com,Female,194.147.249.180
726,Josefina,McKmurrie,jmckmurriek5@dell.com,Female,188.136.141.81
727,Janeen,Warlawe,jwarlawek6@livejournal.com,Female,224.76.203.4
728,Wait,Spuner,wspunerk7@smugmug.com,Male,174.179.37.2
729,Anderea,Coiley,acoileyk8@reverbnation.com,Female,116.26.156.166
730,Benjie,BURWIN,bburwink9@dropbox.com,Male,13.202.240.213
731,Dewain,Currey,dcurreyka@e-recht24.de,Male,8.128.37.166
732,Kym,Scaife,kscaifekb@ftc.gov,Female,24.79.219.186
733,Sawyere,Dootson,sdootsonkc@odnoklassniki.ru,Male,81.84.240.204
734,Abdul,Bruty,abrutykd@yolasite.com,Male,161.183.17.184
735,Remington,Shirtcliffe,rshirtcliffeke@home.pl,Male,160.103.4.181
736,Leoline,Southern,lsouthernkf@discuz.net,Female,99.47.124.105
737,Obie,Bestman,obestmankg@topsy.com,Male,108.38.227.244
738,Paxton,MacTrusty,pmactrustykh@163.com,Male,135.189.46.226
739,Abbot,Febre,afebreki@smh.com.au,Male,124.42.216.64
740,Jamil,Bussy,jbussykj@imgur.com,Male,109.159.251.244
741,Ethelbert,Bole,ebolekk@opensource.org,Male,251.205.29.87
742,Ernaline,Demoge,edemogekl@oaic.gov.au,Female,195.145.240.27
743,Rianon,Davitashvili,rdavitashvilikm@indiegogo.com,Female,195.47.197.18
744,Annmarie,McSperrin,amcsperrinkn@google.ru,Female,246.96.160.125
745,Ian,Lonnon,ilonnonko@oakley.com,Male,236.113.146.56
746,Alvie,Buxey,abuxeykp@phpbb.com,Male,93.110.113.64
747,Ignace,Herculson,iherculsonkq@adobe.com,Male,234.158.206.180
748,Cathy,Ticehurst,cticehurstkr@google.cn,Female,100.54.1.98
749,Werner,Bichener,wbichenerks@google.de,Male,12.223.217.75
750,Sophi,Larway,slarwaykt@rambler.ru,Female,35.228.48.160
751,Richart,Manwaring,rmanwaringku@yandex.ru,Male,119.22.113.92
752,Lena,Bruckshaw,lbruckshawkv@constantcontact.com,Female,41.32.178.9
753,Kevon,Greyes,kgreyeskw@yahoo.co.jp,Male,121.147.44.29
754,Elmore,Halworth,ehalworthkx@cafepress.com,Male,187.48.69.194
755,Tate,Atley,tatleyky@wp.com,Male,5.131.62.252
756,Kingsly,Leavry,kleavrykz@ifeng.com,Male,172.255.202.31
757,Umeko,Beranek,uberanekl0@example.com,Female,141.234.40.70
758,Tan,Pettitt,tpettittl1@yolasite.com,Male,57.133.154.17
759,Marisa,Leverentz,mleverentzl2@wunderground.com,Female,207.61.32.90
760,Rog,Senecaux,rsenecauxl3@bandcamp.com,Male,219.39.8.171
761,Arthur,Peery,apeeryl4@tinypic.com,Male,214.139.255.203
762,Emelia,Levecque,elevecquel5@redcross.org,Female,92.54.79.55
763,Tamqrah,Edney,tedneyl6@acquirethisname.com,Female,28.243.143.154
764,Zachariah,Braniff,zbraniffl7@nytimes.com,Male,204.37.66.42
765,Ofelia,Tape,otapel8@who.int,Female,188.90.232.9
766,Emmey,Pendrigh,ependrighl9@virginia.edu,Female,37.191.239.205
767,Joelly,Orta,jortala@infoseek.co.jp,Female,179.253.247.17
768,Karl,Petroselli,kpetrosellilb@whitehouse.gov,Male,151.106.65.147
769,Dewie,Tree,dtreelc@bloglines.com,Male,12.104.135.170
770,Nico,Castleman,ncastlemanld@i2i.jp,Male,10.165.199.175
771,Jessamyn,Chilvers,jchilversle@youku.com,Female,99.161.137.183
772,Henderson,Klosges,hklosgeslf@techcrunch.com,Male,113.250.64.233
773,Colleen,Guillot,cguillotlg@prnewswire.com,Female,95.123.50.2
774,Eulalie,Dodge,edodgelh@angelfire.com,Female,224.144.94.19
775,Willabella,Pritchard,wpritchardli@marketwatch.com,Female,209.55.66.13
776,Leta,Boutell,lboutelllj@jalbum.net,Female,155.36.49.73
777,Normand,O'Donnell,nodonnelllk@ning.com,Male,144.94.105.110
778,Raynard,Cromley,rcromleyll@360.cn,Male,179.8.130.94
779,Deny,Cawthry,dcawthrylm@cloudflare.com,Female,172.37.140.62
780,Kata,Blodget,kblodgetln@usa.gov,Female,92.243.152.100
781,Charmaine,Emeny,cemenylo@dagondesign.com,Female,67.181.93.103
782,Tore,Sabathe,tsabathelp@springer.com,Male,63.88.8.142
783,Andrus,Huband,ahubandlq@a8.net,Male,104.235.14.241
784,Inigo,Slyde,islydelr@ucoz.ru,Male,12.119.41.56
785,Zachery,Merriott,zmerriottls@phpbb.com,Male,137.123.117.85
786,Vanny,Offa,voffalt@ifeng.com,Female,93.203.168.96
787,Angelia,Venneur,avenneurlu@drupal.org,Female,156.86.142.214
788,Randell,Alldis,ralldislv@jugem.jp,Male,171.113.235.250
789,Annis,Timmermann,atimmermannlw@nymag.com,Female,190.176.90.27
790,Mikey,Bushnell,mbushnelllx@phoca.cz,Male,153.168.115.157
791,Lissie,Rambadt,lrambadtly@1688.com,Female,75.135.181.226
792,Neil,Rosedale,nrosedalelz@va.gov,Male,228.45.227.66
793,Anna-maria,Adamowitz,aadamowitzm0@bbb.org,Female,214.173.238.168
794,Frankie,Shedden,fsheddenm1@dmoz.org,Male,9.33.225.14
795,Charlean,Winsbury,cwinsburym2@businesswire.com,Female,193.161.13.247
796,Aggi,Wickham,awickhamm3@europa.eu,Female,248.4.83.48
797,Ariela,Chanter,achanterm4@imdb.com,Female,25.45.248.9
798,Gifford,Paviour,gpaviourm5@feedburner.com,Male,146.48.204.29
799,Angelica,Donne,adonnem6@github.com,Female,63.215.58.233
800,Johann,Lumbers,jlumbersm7@dmoz.org,Male,11.138.214.24
801,Salli,Zanni,szannim8@cargocollective.com,Female,143.155.255.128
802,Hall,Konzel,hkonzelm9@sakura.ne.jp,Male,181.162.212.16
803,Shelba,Ralph,sralphma@ovh.net,Female,189.208.255.226
804,Nerti,Pettus,npettusmb@sciencedaily.com,Female,191.156.210.199
805,Sherman,Pietruszewicz,spietruszewiczmc@yahoo.com,Male,12.25.78.87
806,Maridel,Kyle,mkylemd@gmpg.org,Female,110.15.138.79
807,Christopher,Burstowe,cburstoweme@marriott.com,Male,53.131.158.211
808,Moina,Crim,mcrimmf@networksolutions.com,Female,58.119.77.254
809,Hilde,Wille,hwillemg@infoseek.co.jp,Female,128.130.185.132
810,Ives,Rampage,irampagemh@addthis.com,Male,64.243.254.164
811,Bessy,Piggins,bpigginsmi@quantcast.com,Female,255.109.100.136
812,Venita,Petrovic,vpetrovicmj@stumbleupon.com,Female,31.86.120.117
813,Olivier,Daniellot,odaniellotmk@rediff.com,Male,142.201.113.146
814,Westbrooke,Cayser,wcayserml@1688.com,Male,107.235.240.183
815,Max,Main,mmainmm@buzzfeed.com,Female,203.134.176.123
816,Norry,Gilstoun,ngilstounmn@jiathis.com,Male,64.69.118.118
817,Elvira,Tough,etoughmo@xinhuanet.com,Female,2.187.143.106
818,Rebecca,Habgood,rhabgoodmp@cam.ac.uk,Female,17.46.53.192
819,Leland,Cranidge,lcranidgemq@ca.gov,Male,110.79.18.151
820,Brian,Castro,bcastromr@tiny.cc,Male,219.161.63.157
821,Cory,Devo,cdevoms@cmu.edu,Female,123.246.50.200
822,Tybi,Goodale,tgoodalemt@cnbc.com,Female,113.33.126.119
823,Bail,Easthope,beasthopemu@meetup.com,Male,61.134.86.204
824,Curtis,Pideon,cpideonmv@kickstarter.com,Male,59.83.3.199
825,Merola,Boller,mbollermw@sfgate.com,Female,141.219.250.47
826,Ariela,Bentz,abentzmx@hugedomains.com,Female,43.135.115.75
827,Aleda,Vella,avellamy@newsvine.com,Female,123.154.99.164
828,Maribelle,Hamson,mhamsonmz@unicef.org,Female,32.213.5.109
829,Lula,Antuk,lantukn0@goo.ne.jp,Female,66.32.230.64
830,Justen,Yegorkin,jyegorkinn1@creativecommons.org,Male,252.3.88.208
831,Quint,Hukin,qhukinn2@vk.com,Male,18.182.199.247
832,Quinn,Bome,qbomen3@ovh.net,Female,44.204.227.134
833,Karylin,Gilfether,kgilfethern4@yahoo.com,Female,224.89.128.245
834,Evie,Maryet,emaryetn5@cafepress.com,Female,212.7.205.97
835,Pren,Dewen,pdewenn6@jimdo.com,Male,76.252.38.149
836,Kara-lynn,Hicken,khickenn7@dagondesign.com,Female,96.182.36.134
837,Elicia,Tolcharde,etolcharden8@deviantart.com,Female,225.210.57.103
838,Bary,Westwater,bwestwatern9@comsenz.com,Male,214.236.69.177
839,Eddie,Kelsall,ekelsallna@chicagotribune.com,Female,240.241.157.104
840,Jaime,Andric,jandricnb@noaa.gov,Female,218.185.179.143
841,Cosimo,Chrystie,cchrystienc@yellowpages.com,Male,151.222.105.30
842,Sloan,Izhakov,sizhakovnd@msn.com,Male,125.28.181.76
843,Cecilio,Dewi,cdewine@dropbox.com,Male,181.215.96.202
844,Correy,Kissock,ckissocknf@sitemeter.com,Female,210.55.155.53
845,Skipper,Friar,sfriarng@macromedia.com,Male,201.141.156.210
846,Joanne,Frostick,jfrosticknh@macromedia.com,Female,144.206.206.252
847,Ginger,Kohring,gkohringni@japanpost.jp,Male,76.88.170.32
848,Zacherie,Bartosch,zbartoschnj@squidoo.com,Male,208.209.44.150
849,Meredith,Cristofolo,mcristofolonk@intel.com,Female,96.219.201.138
850,Artair,Jakoub,ajakoubnl@state.tx.us,Male,244.14.78.226
851,Llywellyn,McEntagart,lmcentagartnm@washington.edu,Male,239.69.173.116
852,Fabien,Revitt,frevittnn@wsj.com,Male,191.29.66.25
853,Hieronymus,Munt,hmuntno@altervista.org,Male,78.77.10.237
854,Alec,Fosten,afostennp@eepurl.com,Male,72.186.29.221
855,Ginny,Dryden,gdrydennq@miibeian.gov.cn,Female,32.83.76.244
856,Corney,Bescoby,cbescobynr@europa.eu,Male,148.2.152.255
857,Storm,Finnimore,sfinnimorens@homestead.com,Female,61.90.191.34
858,Anya,Di Bernardo,adibernardont@over-blog.com,Female,175.24.91.88
859,Morly,Yerrington,myerringtonnu@apache.org,Male,136.172.186.64
860,Georgie,Burman,gburmannv@pen.io,Male,73.42.139.97
861,Adolph,Claringbold,aclaringboldnw@sohu.com,Male,171.1.211.225
862,Kris,Maffucci,kmaffuccinx@shareasale.com,Male,68.135.131.234
863,Egbert,Enos,eenosny@blogspot.com,Male,232.205.198.108
864,Calla,De Bruyne,cdebruynenz@reverbnation.com,Female,175.224.229.54
865,Bret,Tattersfield,btattersfieldo0@is.gd,Male,207.118.16.208
866,Court,Lerwill,clerwillo1@salon.com,Male,198.116.99.189
867,Vanya,Joslin,vjoslino2@bandcamp.com,Male,145.168.237.43
868,Claudie,Eastham,ceasthamo3@com.com,Female,25.86.144.30
869,Cole,Renforth,crenfortho4@dropbox.com,Male,171.229.129.0
870,Walsh,De Wolfe,wdewolfeo5@tamu.edu,Male,246.43.173.141
871,Obie,Wincott,owincotto6@people.com.cn,Male,58.127.191.148
872,Valaree,Ludron,vludrono7@spiegel.de,Female,51.63.76.36
873,Fionnula,Lewcock,flewcocko8@storify.com,Female,36.178.69.11
874,Verena,Walkingshaw,vwalkingshawo9@comsenz.com,Female,220.176.13.39
875,Fitzgerald,Kellart,fkellartoa@phoca.cz,Male,57.89.164.162
876,Angelica,Smallacombe,asmallacombeob@princeton.edu,Female,249.166.155.81
877,Laurence,Peet,lpeetoc@yale.edu,Male,139.52.70.58
878,Dewitt,Scotchmor,dscotchmorod@craigslist.org,Male,77.86.238.116
879,Vivyanne,Fero,vferooe@mayoclinic.com,Female,135.204.198.3
880,Sylvia,Phillipps,sphillippsof@si.edu,Female,206.26.193.214
881,Asia,Riseborough,ariseboroughog@wix.com,Female,102.248.21.214
882,Susana,Milksop,smilksopoh@weebly.com,Female,189.31.223.74
883,Weidar,Radish,wradishoi@hugedomains.com,Male,8.241.160.165
884,Drucie,Fellgate,dfellgateoj@fastcompany.com,Female,30.72.114.165
885,Doro,Atlee,datleeok@cnn.com,Female,33.211.113.40
886,Monti,Olivet,molivetol@newsvine.com,Male,140.67.184.52
887,Bond,Gerrelt,bgerreltom@facebook.com,Male,245.198.18.94
888,Vito,Vasyatkin,vvasyatkinon@cbslocal.com,Male,39.18.45.220
889,Avery,Darrow,adarrowoo@google.cn,Male,73.98.21.6
890,Johann,Puxley,jpuxleyop@netscape.com,Male,117.37.137.65
891,Mattias,Pantry,mpantryoq@discuz.net,Male,171.193.92.170
892,Willard,Jasik,wjasikor@xinhuanet.com,Male,188.95.238.158
893,Zackariah,Rackham,zrackhamos@angelfire.com,Male,244.33.205.249
894,Thibaut,Bridle,tbridleot@goo.ne.jp,Male,83.131.123.156
895,Hamish,Gentsch,hgentschou@zdnet.com,Male,32.80.234.19
896,Newton,Shivell,nshivellov@zdnet.com,Male,21.104.184.126
897,Haydon,Dawks,hdawksow@infoseek.co.jp,Male,17.208.106.75
898,Mariann,Risby,mrisbyox@wordpress.com,Female,112.215.85.211
899,Florence,Carine,fcarineoy@cargocollective.com,Female,196.138.177.107
900,Kacey,Conelly,kconellyoz@microsoft.com,Female,73.19.192.103
901,Nathaniel,Flancinbaum,nflancinbaump0@vk.com,Male,155.40.136.120
902,Jeffry,Oiller,joillerp1@statcounter.com,Male,227.175.83.43
903,Hestia,McBoyle,hmcboylep2@devhub.com,Female,101.181.129.93
904,Aimil,Dyott,adyottp3@dion.ne.jp,Female,120.85.142.91
905,Mal,Hallas,mhallasp4@squarespace.com,Male,182.11.139.4
906,Odelle,Martinek,omartinekp5@squarespace.com,Female,184.68.87.23
907,Ella,Wyeld,ewyeldp6@boston.com,Female,179.230.24.230
908,Glen,Proudler,gproudlerp7@slashdot.org,Male,153.81.185.205
909,Alexandros,Brumfitt,abrumfittp8@ca.gov,Male,98.68.211.124
910,Nico,Simner,nsimnerp9@elegantthemes.com,Male,104.222.79.44
911,Cathie,Shildrake,cshildrakepa@examiner.com,Female,70.45.47.73
912,Feliza,Gapper,fgapperpb@elegantthemes.com,Female,132.153.22.138
913,Zaneta,Bonnier,zbonnierpc@apache.org,Female,68.98.118.51
914,Enrique,Ivantsov,eivantsovpd@cbslocal.com,Male,39.251.15.70
915,Thayne,Dyos,tdyospe@chron.com,Male,225.239.97.93
916,Sherry,Staton,sstatonpf@oracle.com,Female,79.235.53.149
917,Irwinn,Koeppke,ikoeppkepg@auda.org.au,Male,30.57.244.33
918,Shawna,Aston,sastonph@wsj.com,Female,236.179.188.224
919,Thebault,Flaxon,tflaxonpi@miitbeian.gov.cn,Male,211.98.140.243
920,Josepha,Mazey,jmazeypj@livejournal.com,Female,211.253.180.137
921,Kacie,Reinard,kreinardpk@devhub.com,Female,89.180.241.243
922,Tobin,Dallender,tdallenderpl@blogs.com,Male,125.174.18.121
923,Clotilda,McIlharga,cmcilhargapm@wp.com,Female,162.30.195.97
924,Odetta,Gobat,ogobatpn@aol.com,Female,209.89.69.209
925,Allister,Fomichyov,afomichyovpo@wisc.edu,Male,72.250.117.17
926,Dionis,Nelthorp,dnelthorppp@youtube.com,Female,103.213.196.23
927,Ethelbert,Laurencot,elaurencotpq@i2i.jp,Male,92.226.131.236
928,Gwenny,Parmenter,gparmenterpr@moonfruit.com,Female,153.64.110.143
929,Roxanne,Chastelain,rchastelainps@fc2.com,Female,70.136.195.125
930,Shamus,Insall,sinsallpt@slideshare.net,Male,121.1.159.224
931,Sheffie,Stairs,sstairspu@msn.com,Male,69.48.85.142
932,Zilvia,Tett,ztettpv@ezinearticles.com,Female,47.162.176.193
933,Valerye,Shackleford,vshacklefordpw@washingtonpost.com,Female,9.73.154.222
934,Marguerite,Whittier,mwhittierpx@webnode.com,Female,234.91.248.206
935,Karia,Ogilvy,kogilvypy@dmoz.org,Female,75.3.32.127
936,Ferd,Millward,fmillwardpz@techcrunch.com,Male,95.89.212.32
937,Elianore,Beeby,ebeebyq0@ucoz.com,Female,180.178.235.68
938,Abbott,Rodell,arodellq1@wiley.com,Male,23.212.175.217
939,Avivah,Morshead,amorsheadq2@com.com,Female,27.139.38.238
940,Chelsie,Keeltagh,ckeeltaghq3@independent.co.uk,Female,208.193.155.65
941,Danni,Hobbema,dhobbemaq4@theglobeandmail.com,Female,214.253.130.19
942,Daphene,Drewitt,ddrewittq5@techcrunch.com,Female,33.135.19.170
943,Catriona,Quarles,cquarlesq6@google.co.uk,Female,136.176.50.32
944,Erl,Collet,ecolletq7@newsvine.com,Male,114.168.6.226
945,Tremaine,St Ledger,tstledgerq8@webmd.com,Male,107.113.80.222
946,Ainslie,Sein,aseinq9@twitter.com,Female,10.240.189.183
947,Fredric,Stranger,fstrangerqa@wikia.com,Male,91.113.141.85
948,Nicholas,Stallebrass,nstallebrassqb@washingtonpost.com,Male,11.199.206.5
949,Codi,Kuschek,ckuschekqc@time.com,Female,100.195.200.124
950,Remus,Alans,ralansqd@php.net,Male,117.55.117.176
951,Debbi,Presdie,dpresdieqe@sakura.ne.jp,Female,109.227.136.206
952,Aleda,Flaune,aflauneqf@hao123.com,Female,108.244.199.107
953,Alexia,Binstead,abinsteadqg@home.pl,Female,223.134.145.4
954,Engracia,Dight,edightqh@parallels.com,Female,152.83.238.140
955,Brunhilde,Huxton,bhuxtonqi@free.fr,Female,190.148.112.235
956,Huberto,Postin,hpostinqj@harvard.edu,Male,128.150.70.73
957,Reynolds,Newark,rnewarkqk@360.cn,Male,241.121.162.12
958,Odetta,Halpin,ohalpinql@t.co,Female,98.9.180.202
959,Shannen,Hancox,shancoxqm@boston.com,Female,18.168.171.64
960,Diannne,Patriskson,dpatrisksonqn@usda.gov,Female,184.184.2.153
961,Raddie,Reaveley,rreaveleyqo@creativecommons.org,Male,67.214.66.252
962,Yelena,Spalton,yspaltonqp@cargocollective.com,Female,170.93.36.148
963,Ceil,Janning,cjanningqq@paypal.com,Female,189.203.53.202
964,Uri,MacLeod,umacleodqr@ftc.gov,Male,201.191.27.196
965,Christian,Bolwell,cbolwellqs@wikispaces.com,Male,250.253.20.32
966,Mabel,Izakof,mizakofqt@sciencedaily.com,Female,149.145.74.202
967,Constantia,Hammant,chammantqu@vimeo.com,Female,108.233.17.71
968,Clerc,Whitman,cwhitmanqv@people.com.cn,Male,244.189.23.217
969,Tamarah,Welfair,twelfairqw@booking.com,Female,9.58.40.232
970,Lilia,Elderkin,lelderkinqx@liveinternet.ru,Female,208.152.62.29
971,Mathew,Braisher,mbraisherqy@simplemachines.org,Male,174.146.89.203
972,Dale,Vidgen,dvidgenqz@istockphoto.com,Male,52.17.86.158
973,Celinka,Wiskar,cwiskarr0@nih.gov,Female,94.241.223.149
974,Merry,Sciusscietto,msciussciettor1@cyberchimps.com,Male,88.215.105.164
975,Ashlee,Jakubowicz,ajakubowiczr2@irs.gov,Female,240.105.209.44
976,Luca,Grunwall,lgrunwallr3@tuttocitta.it,Male,212.239.207.15
977,Clay,Feckey,cfeckeyr4@accuweather.com,Male,56.169.188.131
978,Monty,Sill,msillr5@google.co.jp,Male,95.39.46.154
979,Kacie,Rontsch,krontschr6@toplist.cz,Female,74.236.138.2
980,Shelagh,Rodenburg,srodenburgr7@stanford.edu,Female,85.91.181.244
981,Raffaello,Mordin,rmordinr8@phpbb.com,Male,123.155.152.173
982,Jared,Cicco,jciccor9@apache.org,Male,95.136.74.1
983,Hersh,Wheldon,hwheldonra@indiegogo.com,Male,156.199.41.161
984,Jenda,Spaight,jspaightrb@meetup.com,Female,244.12.140.170
985,Brucie,Portam,bportamrc@google.co.jp,Male,54.23.67.105
986,Caresa,Benson,cbensonrd@nhs.uk,Female,127.175.121.45
987,Alec,Szantho,aszanthore@ucoz.com,Male,215.180.126.76
988,Charleen,Chiommienti,cchiommientirf@flavors.me,Female,41.49.37.159
989,Claybourne,Duce,cducerg@cloudflare.com,Male,219.9.174.34
990,Claiborne,Peacop,cpeacoprh@uiuc.edu,Male,202.130.246.77
991,Bryce,Sutlieff,bsutlieffri@mit.edu,Male,126.246.147.58
992,Tammi,Feehely,tfeehelyrj@mapy.cz,Female,147.94.174.2
993,Kristel,Larwell,klarwellrk@uol.com.br,Female,173.160.36.84
994,Anthia,Slym,aslymrl@ycombinator.com,Female,187.214.165.19
995,Marlowe,Furneaux,mfurneauxrm@chron.com,Male,77.128.233.114
996,Geneva,Szymon,gszymonrn@dagondesign.com,Female,192.88.165.7
997,Nadia,Bril,nbrilro@eepurl.com,Female,79.131.218.197
998,Gustavo,Leipoldt,gleipoldtrp@hao123.com,Male,26.68.82.47
999,Ingrid,Brussels,ibrusselsrq@pen.io,Female,18.164.141.159
1000,Toby,Legate,tlegaterr@oakley.com,Male,246.0.44.80
